n_sets,b_size,assoc,repl,cache_size,instructions_used,load_stores,il1_hits,il1_misses,il1_miss_rate,dl1_hits,dl1_misses,dl1_miss_rate
8,1024,1,l,8192,40369883,14844749,39394379,975504,0.0241642,12567097,2389036,0.159736
16,1024,1,l,16384,40369883,14844749,39586930,782953,0.0193945,13405162,1550971,0.103701
32,1024,1,l,32768,40369883,14844749,39826999,542884,0.0134477,13832457,1123676,0.0751315
64,1024,1,l,65536,40369883,14844749,40028228,341655,0.00846312,14566564,389569,0.0260474
128,1024,1,l,131072,40369883,14844749,40168492,201391,0.00498864,14783309,172824,0.0115554
256,1024,1,l,262144,40369883,14844749,40211151,158732,0.00393194,14878113,78020,0.00521659
512,1024,1,l,524288,40369883,14844749,40325166,44717,0.00110768,14935415,20718,0.00138525
1024,1024,1,l,1048576,40369883,14844749,40353954,15929,0.000394576,14955598,535,3.57713e-05
2048,1024,1,l,2097152,40369883,14844749,40362059,7824,0.000193808,14955598,535,3.57713e-05
