n_sets,b_size,assoc,repl,cache_size,instructions_used,load_stores,il1_hits,il1_misses,il1_miss_rate,dl1_hits,dl1_misses,dl1_miss_rate
8,1024,1,l,8192,548131052,157194937,539393274,8737778,0.015941,91077925,66118168,0.420609
16,1024,1,l,16384,548131052,157194937,541587037,6544015,0.0119388,115983037,41213056,0.262176
32,1024,1,l,32768,548131052,157194937,544466268,3664784,0.00668596,137191803,20004290,0.127257
64,1024,1,l,65536,548131052,157194937,547075956,1055096,0.0019249,144541111,12654982,0.0805044
128,1024,1,l,131072,548131052,157194937,547968161,162891,0.000297175,154402438,2793655,0.0177718
256,1024,1,l,262144,548131052,157194937,548081178,49874,9.09892e-05,155063974,2132119,0.0135634
512,1024,1,l,524288,548131052,157194937,548128845,2207,4.02641e-06,157187396,8697,5.53258e-05
1024,1024,1,l,1048576,548131052,157194937,548130539,513,9.35908e-07,157195669,424,2.69727e-06
2048,1024,1,l,2097152,548131052,157194937,548130539,513,9.35908e-07,157195669,424,2.69727e-06
