n_sets,b_size,assoc,repl,cache_size,instructions_used,load_stores,il1_hits,il1_misses,il1_miss_rate,dl1_hits,dl1_misses,dl1_miss_rate
8,128,1,l,1024,548131052,157194937,506173285,41957767,0.076547,82633442,74562651,0.474329
16,128,1,l,2048,548131052,157194937,514067862,34063190,0.0621442,96652203,60543890,0.385149
32,128,1,l,4096,548131052,157194937,522419062,25711990,0.0469085,111212995,45983098,0.292521
64,128,1,l,8192,548131052,157194937,526259431,21871621,0.0399022,121483199,35712894,0.227187
128,128,1,l,16384,548131052,157194937,530306414,17824638,0.0325189,144506513,12689580,0.0807245
256,128,1,l,32768,548131052,157194937,538156331,9974721,0.0181977,151205467,5990626,0.0381093
512,128,1,l,65536,548131052,157194937,545021185,3109867,0.00567358,154095443,3100650,0.0197247
1024,128,1,l,131072,548131052,157194937,547391364,739688,0.00134947,157011444,184649,0.00117464
2048,128,1,l,262144,548131052,157194937,547921853,209199,0.000381659,157085955,110138,0.000700641
