n_sets,b_size,assoc,repl,cache_size,instructions_used,load_stores,il1_hits,il1_misses,il1_miss_rate,dl1_hits,dl1_misses,dl1_miss_rate
8,256,1,l,2048,548131052,157194937,525309183,22821869,0.0416358,86722706,70473387,0.448315
16,256,1,l,4096,548131052,157194937,531467378,16663674,0.0304009,102571129,54624964,0.347496
32,256,1,l,8192,548131052,157194937,534060492,14070560,0.0256701,114956258,42239835,0.268708
64,256,1,l,16384,548131052,157194937,536620029,11511023,0.0210005,139668540,17527553,0.111501
128,256,1,l,32768,548131052,157194937,541493839,6637213,0.0121088,148800679,8395414,0.0534073
256,256,1,l,65536,548131052,157194937,546159800,1971252,0.00359632,152726822,4469271,0.0284312
512,256,1,l,131072,548131052,157194937,547697901,433151,0.000790233,156918205,277888,0.00176778
1024,256,1,l,262144,548131052,157194937,548006299,124753,0.000227597,157001187,194906,0.00123989
2048,256,1,l,524288,548131052,157194937,548125314,5738,1.04683e-05,157189857,6236,3.96702e-05
